Producto,Precio PcBox,Precio PcComponentes,Similitud (%),Diferencia (€),MayorPrecio,Fecha
"MOTOROLA EDGE EDGE 60 FUSION 6.67"" 5G 8GB/256GB GRIS",329.0,269.0,94,60.0,PcBox,2026-04-15
"MOTOROLA EDGE EDGE 60 FUSION 6.67"" 5G 8GB/256GB GRIS",329.0,269.0,94,60.0,PcBox,2026-04-15
"REALME 14X 5G 6.67"" OCTA CORE, 8GB, 256GB, ANDR 14, GREEN",239.99,150.9,90,89.09,PcBox,2026-04-15
"REALME 14X 5G 6.67"" OCTA CORE, 8GB, 256GB, ANDR 14, GREEN",239.99,150.9,90,89.09,PcBox,2026-04-15
"SAMSUNG GALAXY S26 ULTRA 6.9"" 5G 12GB/256GB VIOLETA",1449.0,1649.0,94,-200.0,PcComponentes,2026-04-15
"SAMSUNG GALAXY S26 ULTRA 6.9"" 5G 12GB/256GB VIOLETA",1449.0,1649.0,94,-200.0,PcComponentes,2026-04-15
"MOTOROLA MOTO G56 5G MOTO G56 5G 6.72"" 5G 8GB/512GB NEGRO",279.0,218.75,100,60.25,PcBox,2026-04-15
"MOTOROLA MOTO G56 5G MOTO G56 5G 6.72"" 5G 8GB/512GB NEGRO",279.0,218.75,100,60.25,PcBox,2026-04-15
"MOTOROLA EDGE EDGE 60 PRO 6.67"" 5G 12GB/512GB AZUL",599.0,505.52,100,93.48,PcBox,2026-04-15
"MOTOROLA EDGE EDGE 60 PRO 6.67"" 5G 12GB/512GB AZUL",599.0,505.52,100,93.48,PcBox,2026-04-15
"MOTOROLA EDGE EDGE 60 PRO 6.67"" 5G 12GB/512GB GRIS",599.0,482.45,100,116.55,PcBox,2026-04-15
"MOTOROLA EDGE EDGE 60 PRO 6.67"" 5G 12GB/512GB GRIS",599.0,482.31,100,116.69,PcBox,2026-04-15
"MOTOROLA MOTO G15 MOTO G15 6.72"" 4G 8GB/256GB VERDE",199.0,129.0,100,70.0,PcBox,2026-04-15
"MOTOROLA MOTO G15 MOTO G15 6.72"" 4G 8GB/256GB VERDE",199.0,129.0,100,70.0,PcBox,2026-04-15
"MOTOROLA MOTO G86 5G MOTO G86 5G 6.67"" 5G 8GB/256GB AZUL OSCURO",279.0,229.0,100,50.0,PcBox,2026-04-15
"MOTOROLA MOTO G86 5G MOTO G86 5G 6.67"" 5G 8GB/256GB AZUL OSCURO",279.0,229.0,100,50.0,PcBox,2026-04-15
"MOTOROLA EDGE EDGE 60 6.67"" 5G 12GB/512GB AZUL",429.0,505.52,100,-76.52,PcComponentes,2026-04-15
"MOTOROLA EDGE EDGE 60 6.67"" 5G 12GB/512GB AZUL",429.0,505.52,100,-76.52,PcComponentes,2026-04-15
"MOTOROLA MOTO G56 5G MOTO G56 5G 6.72"" 5G 8GB/256GB NEGRO",249.0,179.0,100,70.0,PcBox,2026-04-15
"MOTOROLA MOTO G56 5G MOTO G56 5G 6.72"" 5G 8GB/256GB NEGRO",249.0,179.0,100,70.0,PcBox,2026-04-15
"MOTOROLA MOTO G35 5G MOTO G35 5G 6.72"" 5G 8GB/256GB ROJO",229.0,179.0,90,50.0,PcBox,2026-04-15
"MOTOROLA MOTO G35 5G MOTO G35 5G 6.72"" 5G 8GB/256GB ROJO",229.0,179.0,90,50.0,PcBox,2026-04-15
"MOTOROLA EDGE EDGE 60 FUSION 6.67"" 5G 8GB/256GB TURQUESA",329.0,269.0,100,60.0,PcBox,2026-04-15
"MOTOROLA EDGE EDGE 60 FUSION 6.67"" 5G 8GB/256GB TURQUESA",329.0,269.0,100,60.0,PcBox,2026-04-15
"SAMSUNG GALAXY A26 6.7"" FHD+/5G/ OC/ 6GB/128GB/ AND15 /BLACK",230.0,209.0,92,21.0,PcBox,2026-04-15
"SAMSUNG GALAXY A26 6.7"" FHD+/5G/ OC/ 6GB/128GB/ AND15 /BLACK",230.0,209.0,92,21.0,PcBox,2026-04-15
"XIAOMI REDMI NOTE 14 6.67"" 4G 8GB/256GB NEGRO",179.0,169.0,100,10.0,PcBox,2026-04-15
"XIAOMI REDMI NOTE 14 6.67"" 4G 8GB/256GB NEGRO",179.0,169.0,100,10.0,PcBox,2026-04-15
"MOTOROLA MOTO G86 5G MOTO G86 5G 6.67"" 5G 8GB/256GB LILA",279.0,229.0,100,50.0,PcBox,2026-04-15
"MOTOROLA MOTO G86 5G MOTO G86 5G 6.67"" 5G 8GB/256GB LILA",279.0,229.0,100,50.0,PcBox,2026-04-15
"APPLE IPHONE 15 6.1"" 5G 256GB AZUL",794.91,769.0,90,25.91,PcBox,2026-04-15
"APPLE IPHONE 15 6.1"" 5G 256GB AZUL",794.91,769.0,90,25.91,PcBox,2026-04-15
"MOTOROLA EDGE EDGE 60 6.67"" 5G 12GB/512GB VERDE",429.0,505.52,92,-76.52,PcComponentes,2026-04-15
"MOTOROLA EDGE EDGE 60 6.67"" 5G 12GB/512GB VERDE",429.0,505.52,92,-76.52,PcComponentes,2026-04-15
"APPLE IPHONE 16 PLUS 6.7"" 5G 128GB VERDE AZULADO",980.48,1019.0,92,-38.52,PcComponentes,2026-04-15
"APPLE IPHONE 16 PLUS 6.7"" 5G 128GB VERDE AZULADO",980.48,1019.0,92,-38.52,PcComponentes,2026-04-15
"APPLE IPHONE 15 6.1"" 5G 128GB AZUL",726.44,669.0,90,57.44,PcBox,2026-04-15
"APPLE IPHONE 15 6.1"" 5G 128GB AZUL",726.44,669.0,90,57.44,PcBox,2026-04-15
"MOTOROLA MOTO G05 MOTO G05 6.67"" 4G 8GB/256GB VERDE",179.0,113.12,100,65.88,PcBox,2026-04-15
"MOTOROLA MOTO G05 MOTO G05 6.67"" 4G 8GB/256GB VERDE",179.0,113.12,100,65.88,PcBox,2026-04-15
"MOTOROLA MOTO G56 5G MOTO G56 5G 6.72"" 5G 8GB/512GB GRIS",279.0,218.75,100,60.25,PcBox,2026-04-15
"MOTOROLA MOTO G56 5G MOTO G56 5G 6.72"" 5G 8GB/512GB GRIS",279.0,218.75,100,60.25,PcBox,2026-04-15
"MOTOROLA MOTO G56 5G MOTO G56 5G 6.72"" 5G 8GB/256GB GRIS",249.0,179.0,100,70.0,PcBox,2026-04-15
"MOTOROLA MOTO G56 5G MOTO G56 5G 6.72"" 5G 8GB/256GB GRIS",249.0,179.0,100,70.0,PcBox,2026-04-15
"MOTOROLA MOTO G15 MOTO G15 6.72"" 4G 8GB/256GB NARANJA",199.0,119.0,95,80.0,PcBox,2026-04-15
"MOTOROLA MOTO G15 MOTO G15 6.72"" 4G 8GB/256GB NARANJA",199.0,119.0,95,80.0,PcBox,2026-04-15
"MOTOROLA MOTO G15 MOTO G15 6.72"" 4G 8GB/128GB VERDE",179.0,129.0,95,50.0,PcBox,2026-04-15
"MOTOROLA MOTO G15 MOTO G15 6.72"" 4G 8GB/128GB VERDE",179.0,129.0,95,50.0,PcBox,2026-04-15
"MOTOROLA MOTO G86 5G MOTO G86 5G 6.67"" 5G 8GB/256GB ROSA",279.0,229.0,100,50.0,PcBox,2026-04-15
"MOTOROLA MOTO G86 5G MOTO G86 5G 6.67"" 5G 8GB/256GB ROSA",279.0,229.0,100,50.0,PcBox,2026-04-15
"XIAOMI REDMI REDMI NOTE 15 PRO 5G 6.83"" 5G 8GB/256GB TITANIO",312.0,329.0,100,-17.0,PcComponentes,2026-04-15
"XIAOMI REDMI REDMI NOTE 15 PRO 5G 6.83"" 5G 8GB/256GB TITANIO",312.0,329.0,100,-17.0,PcComponentes,2026-04-15
"APPLE IPHONE 16 PLUS 6.7"" 5G 128GB NEGRO",956.02,929.0,89,27.02,PcBox,2026-04-15
"APPLE IPHONE 16 PLUS 6.7"" 5G 128GB NEGRO",956.02,929.0,89,27.02,PcBox,2026-04-15
"SAMSUNG GALAXY A36 6.7"" FHD+/ 5G/ OC / 8GB/256GB/ AND15 /BLACK",349.99,299.0,92,50.99,PcBox,2026-04-15
"SAMSUNG GALAXY A36 6.7"" FHD+/ 5G/ OC / 8GB/256GB/ AND15 /BLACK",349.99,299.0,92,50.99,PcBox,2026-04-15
"MOTOROLA MOTO G06 MOTO G06 6.88"" 4G 4GB/256GB VERDE",129.0,99.0,96,30.0,PcBox,2026-04-15
"MOTOROLA MOTO G06 MOTO G06 6.88"" 4G 4GB/256GB VERDE",129.0,99.0,96,30.0,PcBox,2026-04-15
"APPLE IPHONE AIR 6.5"" 5G 256GB AZUL",993.19,999.0,90,-5.81,PcComponentes,2026-04-15
"APPLE IPHONE AIR 6.5"" 5G 256GB AZUL",993.19,999.0,90,-5.81,PcComponentes,2026-04-15
"APPLE IPHONE 16 6.1"" 5G 128GB VERDE AZULADO",887.68,759.0,90,128.68,PcBox,2026-04-15
"APPLE IPHONE 16 6.1"" 5G 128GB VERDE AZULADO",887.68,759.0,90,128.68,PcBox,2026-04-15
"APPLE IPHONE AIR 6.5"" 5G 256GB NEGRO",993.19,749.0,91,244.19,PcBox,2026-04-15
"APPLE IPHONE AIR 6.5"" 5G 256GB NEGRO",993.19,749.0,91,244.19,PcBox,2026-04-15
"APPLE IPHONE 16 6.1"" 5G 128GB BLANCO",887.68,589.0,96,298.68,PcBox,2026-04-15
"APPLE IPHONE 16 6.1"" 5G 128GB BLANCO",887.68,589.0,96,298.68,PcBox,2026-04-15
"APPLE IPHONE 17 6.3"" 5G 256GB BLANCO",980.48,939.0,100,41.48,PcBox,2026-04-15
"APPLE IPHONE 17 6.3"" 5G 256GB BLANCO",980.48,959.0,100,21.48,PcBox,2026-04-15
"APPLE IPHONE 15 6.1"" 5G 128GB NEGRO",726.44,480.0,95,246.44,PcBox,2026-04-15
"APPLE IPHONE 15 6.1"" 5G 128GB NEGRO",726.44,480.0,95,246.44,PcBox,2026-04-15
"SAMSUNG GALAXY GALAXY A16 6.7"" 4G 4GB/128GB VERDE",132.99,138.0,93,-5.01,PcComponentes,2026-04-15
"SAMSUNG GALAXY GALAXY A16 6.7"" 4G 4GB/128GB VERDE",132.99,138.0,93,-5.01,PcComponentes,2026-04-15
"APPLE IPHONE 16 PLUS 6.7"" 5G 256GB ROSA",1112.57,1039.0,100,73.57,PcBox,2026-04-15
"APPLE IPHONE 16 PLUS 6.7"" 5G 256GB ROSA",1112.57,1039.0,100,73.57,PcBox,2026-04-15
"XIAOMI REDMI REDMI NOTE 15 PRO+ 5G 6.83"" 8GB/256GB AZUL",366.99,329.0,100,37.99,PcBox,2026-04-15
"XIAOMI REDMI REDMI NOTE 15 PRO+ 5G 6.83"" 8GB/256GB AZUL",366.99,329.0,100,37.99,PcBox,2026-04-15
"SAMSUNG GALAXY A16 6.7"" 4G 4GB/128GB NEGRO",132.99,119.0,100,13.99,PcBox,2026-04-15
"SAMSUNG GALAXY A16 6.7"" 4G 4GB/128GB NEGRO",132.99,119.0,100,13.99,PcBox,2026-04-15
"APPLE IPHONE 15 6.1"" 5G 256GB NEGRO",793.54,749.0,95,44.54,PcBox,2026-04-15
"APPLE IPHONE 15 6.1"" 5G 256GB NEGRO",793.54,749.0,95,44.54,PcBox,2026-04-15
"APPLE IPHONE AIR 6.5"" 5G 256GB NEGRO",991.07,749.0,91,242.07,PcBox,2026-04-15
"APPLE IPHONE AIR 6.5"" 5G 256GB NEGRO",991.07,749.0,91,242.07,PcBox,2026-04-15
"APPLE IPHONE 16E 6.1"" 5G 256GB BLANCO",754.24,939.0,94,-184.76,PcComponentes,2026-04-15
"APPLE IPHONE 16E 6.1"" 5G 256GB BLANCO",754.24,959.0,94,-204.76,PcComponentes,2026-04-15
"SAMSUNG GALAXY GALAXY A17 5G 6.7"" 5G 8GB/256GB NEGRO",233.99,259.0,100,-25.01,PcComponentes,2026-04-15
"SAMSUNG GALAXY GALAXY A17 5G 6.7"" 5G 8GB/256GB NEGRO",233.99,259.0,100,-25.01,PcComponentes,2026-04-15
"APPLE IPHONE AIR 6.5"" 5G 256GB AZUL",991.07,999.0,90,-7.93,PcComponentes,2026-04-15
"APPLE IPHONE AIR 6.5"" 5G 256GB AZUL",991.07,999.0,90,-7.93,PcComponentes,2026-04-15
"SAMSUNG GALAXY S25 6.2"" FHD+/ 5G / OC/ 12GB/256GB / AND15/ SILVER SHADOW",839.99,899.0,94,-59.01,PcComponentes,2026-04-15
"SAMSUNG GALAXY S25 6.2"" FHD+/ 5G / OC/ 12GB/256GB / AND15/ SILVER SHADOW",839.99,899.0,94,-59.01,PcComponentes,2026-04-15
"APPLE IPHONE 16E 6.1"" 5G 256GB NEGRO",749.78,749.0,100,0.78,PcBox,2026-04-15
"APPLE IPHONE 16E 6.1"" 5G 256GB NEGRO",749.78,749.0,100,0.78,PcBox,2026-04-15
"APPLE IPHONE 15 6.1"" 5G 256GB NEGRO",867.15,749.0,95,118.15,PcBox,2026-04-15
"APPLE IPHONE 15 6.1"" 5G 256GB NEGRO",867.15,749.0,95,118.15,PcBox,2026-04-15
"XIAOMI REDMI NOTE 15 PRO 5G 6.83"" 5G 8GB/256GB NEGRO",312.0,329.0,100,-17.0,PcComponentes,2026-04-15
"XIAOMI REDMI NOTE 15 PRO 5G 6.83"" 5G 8GB/256GB NEGRO",312.0,329.0,100,-17.0,PcComponentes,2026-04-15
"XIAOMI REDMI REDMI NOTE 15 PRO 5G 6.83"" 5G 8GB/256GB AZUL",312.0,329.0,100,-17.0,PcComponentes,2026-04-15
"XIAOMI REDMI REDMI NOTE 15 PRO 5G 6.83"" 5G 8GB/256GB AZUL",312.0,329.0,100,-17.0,PcComponentes,2026-04-15
"XIAOMI REDMI REDMI NOTE 15 6.77"" 8GB/256GB AZUL",216.0,199.0,100,17.0,PcBox,2026-04-15
"XIAOMI REDMI REDMI NOTE 15 6.77"" 8GB/256GB AZUL",216.0,199.0,100,17.0,PcBox,2026-04-15
"SAMSUNG GALAXY S26 ULTRA ENTERPRISE EDITION 6.9"" 5G 12GB/512GB NEGRO",1649.0,1649.0,100,0.0,Igual,2026-04-15
"SAMSUNG GALAXY S26 ULTRA ENTERPRISE EDITION 6.9"" 5G 12GB/512GB NEGRO",1649.0,1649.0,100,0.0,Igual,2026-04-15
"APPLE IPHONE 16 PLUS 6.7"" 5G 512GB BLANCO",1366.61,1209.0,94,157.61,PcBox,2026-04-15
"APPLE IPHONE 16 PLUS 6.7"" 5G 512GB BLANCO",1366.61,1209.0,94,157.61,PcBox,2026-04-15
"APPLE IPHONE 16 PLUS 6.7"" 5G 128GB ROSA",980.48,1039.0,89,-58.52,PcComponentes,2026-04-15
"APPLE IPHONE 16 PLUS 6.7"" 5G 128GB ROSA",980.48,1039.0,89,-58.52,PcComponentes,2026-04-15
"APPLE IPHONE 15 6.1"" 5G 256GB AZUL",867.15,769.0,90,98.15,PcBox,2026-04-15
"APPLE IPHONE 15 6.1"" 5G 256GB AZUL",867.15,769.0,90,98.15,PcBox,2026-04-15
"MOTOROLA MOTO G15 MOTO G15 6.72"" 4G 8GB/128GB NARANJA",179.0,119.0,100,60.0,PcBox,2026-04-15
"MOTOROLA MOTO G15 MOTO G15 6.72"" 4G 8GB/128GB NARANJA",179.0,119.0,100,60.0,PcBox,2026-04-15
"MOTOROLA MOTO G15 MOTO G15 6.72"" 4G 8GB/512GB VERDE",249.0,129.0,95,120.0,PcBox,2026-04-15
"MOTOROLA MOTO G15 MOTO G15 6.72"" 4G 8GB/512GB VERDE",249.0,129.0,95,120.0,PcBox,2026-04-15
"MOTOROLA MOTO G06 MOTO G06 6.88"" 4G 4GB/64GB VERDE",109.0,99.0,100,10.0,PcBox,2026-04-15
"MOTOROLA MOTO G06 MOTO G06 6.88"" 4G 4GB/64GB VERDE",109.0,99.0,100,10.0,PcBox,2026-04-15
"APPLE IPHONE 16 PLUS 6.7"" 5G 256GB AZUL",1123.75,1039.0,91,84.75,PcBox,2026-04-15
"APPLE IPHONE 16 PLUS 6.7"" 5G 256GB AZUL",1123.75,1039.0,91,84.75,PcBox,2026-04-15
"MOTOROLA MOTO G06 MOTO G06 6.88"" 4G 4GB/256GB AZUL",129.0,129.0,100,0.0,Igual,2026-04-15
"MOTOROLA MOTO G06 MOTO G06 6.88"" 4G 4GB/256GB AZUL",129.0,129.0,100,0.0,Igual,2026-04-15
"APPLE IPHONE 16 PLUS 6.7"" 5G 128GB BLANCO",980.48,779.0,86,201.48,PcBox,2026-04-15
"APPLE IPHONE 16 PLUS 6.7"" 5G 128GB BLANCO",980.48,779.0,86,201.48,PcBox,2026-04-15
"MOTOROLA MOTO G06 POWER MOTO G06 POWER 6.88"" 4G 4GB/256GB CAQUI",139.0,129.0,95,10.0,PcBox,2026-04-15
"MOTOROLA MOTO G06 POWER MOTO G06 POWER 6.88"" 4G 4GB/256GB CAQUI",139.0,129.0,95,10.0,PcBox,2026-04-15
"APPLE IPHONE AIR 6.5"" 5G 256GB BLANCO",993.19,939.0,94,54.19,PcBox,2026-04-15
"APPLE IPHONE AIR 6.5"" 5G 256GB BLANCO",993.19,959.0,94,34.19,PcBox,2026-04-15
"MOTOROLA MOTO G06 POWER MOTO G06 POWER 6.88"" 4G 4GB/256GB AZUL",139.0,129.0,100,10.0,PcBox,2026-04-15
"MOTOROLA MOTO G06 POWER MOTO G06 POWER 6.88"" 4G 4GB/256GB AZUL",139.0,129.0,100,10.0,PcBox,2026-04-15
"APPLE IPHONE 16 PLUS 6.7"" 5G 128GB VERDE AZULADO",990.32,1019.0,92,-28.68,PcComponentes,2026-04-15
"APPLE IPHONE 16 PLUS 6.7"" 5G 128GB VERDE AZULADO",990.32,1019.0,92,-28.68,PcComponentes,2026-04-15
"MOTOROLA MOTO G85 5G 6.67"" 5G 12GB/256GB VERDE",230.65,113.12,89,117.53,PcBox,2026-04-15
"MOTOROLA MOTO G85 5G 6.67"" 5G 12GB/256GB VERDE",230.65,113.12,89,117.53,PcBox,2026-04-15
"MOTOROLA MOTO G55 5G MOTO G55 5G 6.49"" 5G 8GB/256GB GRIS",245.11,242.99,100,2.12,PcBox,2026-04-15
"MOTOROLA MOTO G55 5G MOTO G55 5G 6.49"" 5G 8GB/256GB GRIS",245.11,242.99,100,2.12,PcBox,2026-04-15
"XIAOMI REDMI NOTE 14 6.67"" 4G 8GB/256GB AZUL",197.99,169.0,100,28.99,PcBox,2026-04-15
"XIAOMI REDMI NOTE 14 6.67"" 4G 8GB/256GB AZUL",197.99,169.0,100,28.99,PcBox,2026-04-15
"ZTE BLADE A36 6.75"" 4G 4GB/64GB NEGRO",106.99,69.99,100,37.0,PcBox,2026-04-15
"ZTE BLADE A36 6.75"" 4G 4GB/64GB NEGRO",106.99,69.99,100,37.0,PcBox,2026-04-15
"APPLE IPHONE 16 PLUS 6.7"" 5G 512GB VERDE AZULADO",1366.61,1019.0,92,347.61,PcBox,2026-04-15
"APPLE IPHONE 16 PLUS 6.7"" 5G 512GB VERDE AZULADO",1366.61,1019.0,92,347.61,PcBox,2026-04-15
"SAMSUNG GALAXY S26+ 6.7"" 5G 12GB/256GB NEGRO",1249.0,999.0,98,250.0,PcBox,2026-04-15
"SAMSUNG GALAXY S26+ 6.7"" 5G 12GB/256GB NEGRO",1249.0,999.0,98,250.0,PcBox,2026-04-15
"APPLE IPHONE 16 PRO MAX 6.9"" 5G 512GB NEGRO",1800.71,1068.0,91,732.71,PcBox,2026-04-15
"APPLE IPHONE 16 PRO MAX 6.9"" 5G 512GB NEGRO",1800.71,1068.0,91,732.71,PcBox,2026-04-15
"SAMSUNG GALAXY S26 ULTRA 6.9"" 5G 12GB/256GB NEGRO",1449.0,1449.0,100,0.0,Igual,2026-04-15
"SAMSUNG GALAXY S26 ULTRA 6.9"" 5G 12GB/256GB NEGRO",1449.0,1449.0,100,0.0,Igual,2026-04-15
"APPLE IPHONE 16E 6.1"" 5G 512GB BLANCO",1010.85,1209.0,94,-198.15,PcComponentes,2026-04-15
"APPLE IPHONE 16E 6.1"" 5G 512GB BLANCO",1010.85,1209.0,94,-198.15,PcComponentes,2026-04-15
"SAMSUNG GALAXY S26 6.3"" 5G 12GB/512GB NEGRO",1199.0,1649.0,98,-450.0,PcComponentes,2026-04-15
"SAMSUNG GALAXY S26 6.3"" 5G 12GB/512GB NEGRO",1199.0,1649.0,98,-450.0,PcComponentes,2026-04-15
"SAMSUNG GALAXY S26+ 6.7"" 5G 12GB/512GB NEGRO",1449.0,1449.0,100,0.0,Igual,2026-04-15
"SAMSUNG GALAXY S26+ 6.7"" 5G 12GB/512GB NEGRO",1449.0,1449.0,100,0.0,Igual,2026-04-15
"SAMSUNG GALAXY S26 6.3"" 5G 12GB/256GB VIOLETA",999.0,999.0,100,0.0,Igual,2026-04-15
"SAMSUNG GALAXY S26 6.3"" 5G 12GB/256GB VIOLETA",999.0,999.0,100,0.0,Igual,2026-04-15
"MOTOROLA MOTO G15 MOTO G15 6.72"" 4G 8GB/512GB MARINA",249.0,119.0,92,130.0,PcBox,2026-04-15
"MOTOROLA MOTO G15 MOTO G15 6.72"" 4G 8GB/512GB MARINA",249.0,119.0,92,130.0,PcBox,2026-04-15
"SAMSUNG GALAXY A56 6.7"" FHD+/ 5G/ OC/ 8GB/ 256GB/ AND15 /GRAPHITE",442.99,399.0,93,43.99,PcBox,2026-04-15
"SAMSUNG GALAXY A56 6.7"" FHD+/ 5G/ OC/ 8GB/ 256GB/ AND15 /GRAPHITE",442.99,399.0,93,43.99,PcBox,2026-04-15
"APPLE IPHONE 17 6.3"" 5G 256GB NEGRO",1041.01,749.0,92,292.01,PcBox,2026-04-15
"APPLE IPHONE 17 6.3"" 5G 256GB NEGRO",1041.01,749.0,92,292.01,PcBox,2026-04-15
"SAMSUNG GALAXY S25 6.2"" FHD+/ 5G / OC/ 12GB/128GB / AND15/ NAVY",892.99,899.0,85,-6.01,PcComponentes,2026-04-15
"SAMSUNG GALAXY S25 6.2"" FHD+/ 5G / OC/ 12GB/128GB / AND15/ NAVY",892.99,899.0,85,-6.01,PcComponentes,2026-04-15
"APPLE IPHONE 17 6.3"" 5G 256GB LAVANDA",980.48,959.0,100,21.48,PcBox,2026-04-15
"APPLE IPHONE 17 6.3"" 5G 256GB LAVANDA",980.48,959.0,100,21.48,PcBox,2026-04-15
"XIAOMI REDMI REDMI 15 6.9"" 4G 8GB/256GB GRIS",177.99,169.0,100,8.99,PcBox,2026-04-15
"XIAOMI REDMI REDMI 15 6.9"" 4G 8GB/256GB GRIS",177.99,169.0,100,8.99,PcBox,2026-04-15
"APPLE IPHONE 16 PLUS 6.7"" 5G 256GB VERDE AZULADO",1123.75,1019.0,100,104.75,PcBox,2026-04-15
"APPLE IPHONE 16 PLUS 6.7"" 5G 256GB VERDE AZULADO",1123.75,1019.0,100,104.75,PcBox,2026-04-15
"SAMSUNG GALAXY A26 6.7"" FHD+/5G/ OC/ 8GB/ 256GB/ AND15 /LIGHT GREEN",273.99,302.98,92,-28.99,PcComponentes,2026-04-15
"SAMSUNG GALAXY A26 6.7"" FHD+/5G/ OC/ 8GB/ 256GB/ AND15 /LIGHT GREEN",273.99,302.98,92,-28.99,PcComponentes,2026-04-15
"CROSSCALL STELLAR-M6 6.1"" 5G 6GB/128GB NEGRO",457.03,322.9,86,134.13,PcBox,2026-04-15
"CROSSCALL STELLAR-M6 6.1"" 5G 6GB/128GB NEGRO",457.03,322.9,86,134.13,PcBox,2026-04-15
"XIAOMI REDMI 15 5G 6.9"" 5G 8GB/256GB GRIS",194.99,179.0,100,15.99,PcBox,2026-04-15
"XIAOMI REDMI 15 5G 6.9"" 5G 8GB/256GB GRIS",194.99,179.0,100,15.99,PcBox,2026-04-15
"APPLE IPHONE 17 6.3"" 5G 256GB SALVIA",980.48,939.0,86,41.48,PcBox,2026-04-15
"APPLE IPHONE 17 6.3"" 5G 256GB SALVIA",980.48,959.0,86,21.48,PcBox,2026-04-15
"SAMSUNG GALAXY S26 ENTERPRISE EDITION 6.3"" 5G 12GB/256GB NEGRO",1004.0,999.0,100,5.0,PcBox,2026-04-15
"SAMSUNG GALAXY S26 ENTERPRISE EDITION 6.3"" 5G 12GB/256GB NEGRO",1004.0,999.0,100,5.0,PcBox,2026-04-15
"APPLE IPHONE 17 6.3"" 5G 256GB AZUL",980.48,939.0,88,41.48,PcBox,2026-04-15
"APPLE IPHONE 17 6.3"" 5G 256GB AZUL",980.48,939.0,88,41.48,PcBox,2026-04-15
"SAMSUNG GALAXY S26+ 6.7"" 5G 12GB/256GB VIOLETA",1249.0,999.0,98,250.0,PcBox,2026-04-15
"SAMSUNG GALAXY S26+ 6.7"" 5G 12GB/256GB VIOLETA",1249.0,999.0,98,250.0,PcBox,2026-04-15
"SAMSUNG GALAXY S26 6.3"" 5G 12GB/256GB NEGRO",999.0,999.0,100,0.0,Igual,2026-04-15
"SAMSUNG GALAXY S26 6.3"" 5G 12GB/256GB NEGRO",999.0,999.0,100,0.0,Igual,2026-04-15
"APPLE IPHONE 16 6.1"" 5G 128GB ROSA",878.86,769.0,87,109.86,PcBox,2026-04-15
"APPLE IPHONE 16 6.1"" 5G 128GB ROSA",878.86,769.0,87,109.86,PcBox,2026-04-15
"APPLE IPHONE 16 6.1"" 5G 128GB BLANCO",878.86,589.0,96,289.86,PcBox,2026-04-15
"APPLE IPHONE 16 6.1"" 5G 128GB BLANCO",878.86,589.0,96,289.86,PcBox,2026-04-15
"XIAOMI REDMI NOTE 15 PRO 5G 6.83"" 5G 12GB/512GB TITANIO",386.99,399.0,100,-12.01,PcComponentes,2026-04-15
"XIAOMI REDMI NOTE 15 PRO 5G 6.83"" 5G 12GB/512GB TITANIO",386.99,399.0,100,-12.01,PcComponentes,2026-04-15
"APPLE IPHONE 16 6.1"" 5G 128GB VERDE AZULADO",878.86,759.0,90,119.86,PcBox,2026-04-15
"APPLE IPHONE 16 6.1"" 5G 128GB VERDE AZULADO",878.86,759.0,90,119.86,PcBox,2026-04-15
"SAMSUNG GALAXY GALAXY S25 ULTRA 6.9"" 5G 12GB/512GB GRIS, TITANIO",1319.0,1299.0,100,20.0,PcBox,2026-04-15
"SAMSUNG GALAXY GALAXY S25 ULTRA 6.9"" 5G 12GB/512GB GRIS, TITANIO",1319.0,1299.0,100,20.0,PcBox,2026-04-15
"XIAOMI REDMI NOTE 14 6.67"" 4G 6GB/128GB NEGRO",166.99,149.0,100,17.99,PcBox,2026-04-15
"XIAOMI REDMI NOTE 14 6.67"" 4G 6GB/128GB NEGRO",166.99,149.0,100,17.99,PcBox,2026-04-15
"XIAOMI REDMI 15C 6.9"" 4G 4GB/128GB NEGRO",113.99,109.0,100,4.99,PcBox,2026-04-15
"XIAOMI REDMI 15C 6.9"" 4G 4GB/128GB NEGRO",113.99,109.0,100,4.99,PcBox,2026-04-15
"SAMSUNG GALAXY A16 6.7"" FHD / OCTA CORE/ 4GB/ 128GB/ ANDROID 14/ GRAY",129.99,138.0,88,-8.01,PcComponentes,2026-04-15
"SAMSUNG GALAXY A16 6.7"" FHD / OCTA CORE/ 4GB/ 128GB/ ANDROID 14/ GRAY",129.99,138.0,88,-8.01,PcComponentes,2026-04-15
"XIAOMI REDMI REDMI NOTE 15 5G 6.77"" 5G 8GB/256GB NEGRO",256.99,259.0,100,-2.01,PcComponentes,2026-04-15
"XIAOMI REDMI REDMI NOTE 15 5G 6.77"" 5G 8GB/256GB NEGRO",256.99,259.0,100,-2.01,PcComponentes,2026-04-15
"XIAOMI REDMI REDMI NOTE 15 6.77"" 8GB/256GB NEGRO",216.0,199.0,100,17.0,PcBox,2026-04-15
"XIAOMI REDMI REDMI NOTE 15 6.77"" 8GB/256GB NEGRO",216.0,199.0,100,17.0,PcBox,2026-04-15
"SAMSUNG GALAXY A36 5G ENTERPRISE EDITION 6.7"" 5G 6GB/128GB NEGRO",273.99,209.0,95,64.99,PcBox,2026-04-15
"SAMSUNG GALAXY A36 5G ENTERPRISE EDITION 6.7"" 5G 6GB/128GB NEGRO",273.99,209.0,95,64.99,PcBox,2026-04-15
"XIAOMI REDMI REDMI 15C 6.9"" 4G 4GB/256GB NEGRO",130.99,129.0,100,1.99,PcBox,2026-04-15
"XIAOMI REDMI REDMI 15C 6.9"" 4G 4GB/256GB NEGRO",130.99,129.0,100,1.99,PcBox,2026-04-15
"XIAOMI 15T PRO 6.83"" 5G 12GB/1000GB MOCA",766.99,649.0,87,117.99,PcBox,2026-04-15
"XIAOMI 15T PRO 6.83"" 5G 12GB/1000GB MOCA",766.99,649.0,87,117.99,PcBox,2026-04-15
"XIAOMI REDMI REDMI NOTE 14 PRO 5G 6.67"" 5G 8GB/256GB NEGRO",298.0,279.0,100,19.0,PcBox,2026-04-15
"XIAOMI REDMI REDMI NOTE 14 PRO 5G 6.67"" 5G 8GB/256GB NEGRO",298.0,279.0,100,19.0,PcBox,2026-04-15
"XIAOMI REDMI REDMI NOTE 15 5G 6.77"" 5G 8GB/256GB AZUL",256.99,259.0,100,-2.01,PcComponentes,2026-04-15
"XIAOMI REDMI REDMI NOTE 15 5G 6.77"" 5G 8GB/256GB AZUL",256.99,259.0,100,-2.01,PcComponentes,2026-04-15
"XIAOMI REDMI REDMI NOTE 15 PRO 6.77"" 4G 8GB/256GB NEGRO",267.99,199.0,100,68.99,PcBox,2026-04-15
"XIAOMI REDMI REDMI NOTE 15 PRO 6.77"" 4G 8GB/256GB NEGRO",267.99,199.0,100,68.99,PcBox,2026-04-15
"APPLE IPHONE 15 6.1"" 5G 256GB ROSA",858.53,779.0,90,79.53,PcBox,2026-04-15
"APPLE IPHONE 15 6.1"" 5G 256GB ROSA",858.53,779.0,90,79.53,PcBox,2026-04-15
"GOOGLE PIXEL PIXEL 9A 6.3"" 5G 8GB/128GB NEGRO",585.99,399.0,100,186.99,PcBox,2026-04-15
"GOOGLE PIXEL PIXEL 9A 6.3"" 5G 8GB/128GB NEGRO",585.99,399.0,100,186.99,PcBox,2026-04-15
"APPLE IPHONE 16 6.1"" 5G 128GB AZUL",878.86,589.0,86,289.86,PcBox,2026-04-15
"APPLE IPHONE 16 6.1"" 5G 128GB AZUL",878.86,589.0,86,289.86,PcBox,2026-04-15
"APPLE IPHONE 16E 6.1"" 5G 256GB NEGRO",840.16,749.0,100,91.16,PcBox,2026-04-15
"APPLE IPHONE 16E 6.1"" 5G 256GB NEGRO",840.16,749.0,100,91.16,PcBox,2026-04-15
"APPLE IPHONE 16E 6.1"" 5G 128GB BLANCO",614.66,589.0,100,25.66,PcBox,2026-04-15
"APPLE IPHONE 16E 6.1"" 5G 128GB BLANCO",614.66,589.0,100,25.66,PcBox,2026-04-15
"XIAOMI REDMI NOTE 15 PRO+ 5G 6.83"" 12GB/512GB NEGRO",439.99,399.0,100,40.99,PcBox,2026-04-15
"XIAOMI REDMI NOTE 15 PRO+ 5G 6.83"" 12GB/512GB NEGRO",439.99,399.0,100,40.99,PcBox,2026-04-15
"SAMSUNG GALAXY S25 ULTRA 6.9"" QHD+/5G / OC/ 12GB /512GB/ TITANIUM SILVER",1319.0,1499.0,93,-180.0,PcComponentes,2026-04-15
"SAMSUNG GALAXY S25 ULTRA 6.9"" QHD+/5G / OC/ 12GB /512GB/ TITANIUM SILVER",1319.0,1499.0,93,-180.0,PcComponentes,2026-04-15
"XIAOMI REDMI REDMI NOTE 15 5G 6.77"" 5G 12GB/512GB NEGRO",326.0,319.0,100,7.0,PcBox,2026-04-15
"XIAOMI REDMI REDMI NOTE 15 5G 6.77"" 5G 12GB/512GB NEGRO",326.0,319.0,100,7.0,PcBox,2026-04-15
"SAMSUNG GALAXY A17 5G 6.7"" 5G 4GB/128GB NEGRO",188.99,179.0,100,9.99,PcBox,2026-04-15
"SAMSUNG GALAXY A17 5G 6.7"" 5G 4GB/128GB NEGRO",188.99,179.0,100,9.99,PcBox,2026-04-15
"SAMSUNG GALAXY A17 6.7"" 4G 4GB/128GB NEGRO",155.99,189.0,100,-33.01,PcComponentes,2026-04-15
"SAMSUNG GALAXY A17 6.7"" 4G 4GB/128GB NEGRO",155.99,189.0,100,-33.01,PcComponentes,2026-04-15
"XIAOMI REDMI REDMI NOTE 15 5G 6.77"" 5G 8GB/256GB PÚRPURA",256.99,259.0,100,-2.01,PcComponentes,2026-04-15
"XIAOMI REDMI REDMI NOTE 15 5G 6.77"" 5G 8GB/256GB PÚRPURA",256.99,259.0,100,-2.01,PcComponentes,2026-04-15
"XIAOMI 17 17 6.3"" 5G 12GB/512GB NEGRO",970.99,1099.0,100,-128.01,PcComponentes,2026-04-15
"XIAOMI 17 17 6.3"" 5G 12GB/512GB NEGRO",970.99,1099.0,100,-128.01,PcComponentes,2026-04-15
"SAMSUNG GALAXY A17 LTE 6.7"" 4G 8GB/256GB NEGRO",283.99,239.0,100,44.99,PcBox,2026-04-15
"SAMSUNG GALAXY A17 LTE 6.7"" 4G 8GB/256GB NEGRO",283.99,239.0,100,44.99,PcBox,2026-04-15
"SAMSUNG GALAXY A17 5G 6.7"" 5G 4GB/128GB NEGRO",186.99,179.0,100,7.99,PcBox,2026-04-15
"SAMSUNG GALAXY A17 5G 6.7"" 5G 4GB/128GB NEGRO",186.99,179.0,100,7.99,PcBox,2026-04-15
"APPLE IPHONE 16 6.1"" 5G 128GB ROSA",887.68,769.0,87,118.68,PcBox,2026-04-15
"APPLE IPHONE 16 6.1"" 5G 128GB ROSA",887.68,769.0,87,118.68,PcBox,2026-04-15
"XIAOMI 15T PRO 6.83"" 5G 12GB/1000GB NEGRO",766.99,799.0,94,-32.01,PcComponentes,2026-04-15
"XIAOMI 15T PRO 6.83"" 5G 12GB/1000GB NEGRO",766.99,799.0,94,-32.01,PcComponentes,2026-04-15
"SAMSUNG GALAXY GALAXY A36 5G ENTERPRISE EDITION 6.7"" 5G 8GB/256GB NEGRO",334.99,299.0,100,35.99,PcBox,2026-04-15
"SAMSUNG GALAXY GALAXY A36 5G ENTERPRISE EDITION 6.7"" 5G 8GB/256GB NEGRO",334.99,299.0,100,35.99,PcBox,2026-04-15
"XIAOMI REDMI REDMI NOTE 15 PRO+ 5G 6.83"" 12GB/512GB AZUL",433.0,399.0,100,34.0,PcBox,2026-04-15
"XIAOMI REDMI REDMI NOTE 15 PRO+ 5G 6.83"" 12GB/512GB AZUL",433.0,399.0,100,34.0,PcBox,2026-04-15
"SAMSUNG GALAXY A17 6.7"" 4G 4GB/128GB AZUL CLARO",154.99,189.0,92,-34.01,PcComponentes,2026-04-15
"SAMSUNG GALAXY A17 6.7"" 4G 4GB/128GB AZUL CLARO",154.99,189.0,92,-34.01,PcComponentes,2026-04-15
"XIAOMI REDMI A5 6.88"" 4G 4GB/128GB NEGRO",117.99,109.0,100,8.99,PcBox,2026-04-15
"XIAOMI REDMI A5 6.88"" 4G 4GB/128GB NEGRO",117.99,109.0,100,8.99,PcBox,2026-04-15
"SAMSUNG GALAXY Z FLIP7 FE 6.7"" 5G 8GB/256GB NEGRO",1036.99,603.82,95,433.17,PcBox,2026-04-15
"SAMSUNG GALAXY Z FLIP7 FE 6.7"" 5G 8GB/256GB NEGRO",1036.99,603.82,95,433.17,PcBox,2026-04-15
"APPLE IPHONE 16 PLUS 6.7"" 5G 256GB BLANCO",1112.57,939.0,94,173.57,PcBox,2026-04-15
"APPLE IPHONE 16 PLUS 6.7"" 5G 256GB BLANCO",1112.57,959.0,94,153.57,PcBox,2026-04-15
"XIAOMI 17 ULTRA 17 ULTRA 6.9"" 5G 16GB/512GB BLANCO",1379.99,1499.0,100,-119.01,PcComponentes,2026-04-15
"XIAOMI 17 ULTRA 17 ULTRA 6.9"" 5G 16GB/512GB BLANCO",1379.99,1499.0,100,-119.01,PcComponentes,2026-04-15
"APPLE IPHONE 16 6.1"" 5G 128GB NEGRO",878.86,480.0,95,398.86,PcBox,2026-04-15
"APPLE IPHONE 16 6.1"" 5G 128GB NEGRO",878.86,480.0,95,398.86,PcBox,2026-04-15
"SAMSUNG GALAXY A57 5G 6.7"" 5G 8GB/256GB GRIS",542.99,259.0,98,283.99,PcBox,2026-04-15
"SAMSUNG GALAXY A57 5G 6.7"" 5G 8GB/256GB GRIS",542.99,259.0,98,283.99,PcBox,2026-04-15
"XIAOMI REDMI NOTE 15 6.77"" 6GB/128GB NEGRO",188.99,179.0,100,9.99,PcBox,2026-04-15
"XIAOMI REDMI NOTE 15 6.77"" 6GB/128GB NEGRO",188.99,179.0,100,9.99,PcBox,2026-04-15
"XIAOMI 15T 6.83"" 5G 12GB/256GB NEGRO",509.99,489.0,100,20.99,PcBox,2026-04-15
"XIAOMI 15T 6.83"" 5G 12GB/256GB NEGRO",509.99,489.0,100,20.99,PcBox,2026-04-15
"XIAOMI F7 5G 6.83"" 5G 12GB/512GB NEGRO",435.99,399.0,95,36.99,PcBox,2026-04-15
"XIAOMI F7 5G 6.83"" 5G 12GB/512GB NEGRO",435.99,399.0,95,36.99,PcBox,2026-04-15
"XIAOMI REDMI NOTE 15 PRO 5G 6.83"" 5G 12GB/512GB AZUL",382.99,399.0,100,-16.01,PcComponentes,2026-04-15
"XIAOMI REDMI NOTE 15 PRO 5G 6.83"" 5G 12GB/512GB AZUL",382.99,399.0,100,-16.01,PcComponentes,2026-04-15
"XIAOMI REDMI REDMI NOTE 15 PRO 6.77"" 4G 8GB/256GB AZUL",270.99,279.0,100,-8.01,PcComponentes,2026-04-15
"XIAOMI REDMI REDMI NOTE 15 PRO 6.77"" 4G 8GB/256GB AZUL",270.99,279.0,100,-8.01,PcComponentes,2026-04-15
"XIAOMI REDMI NOTE 15 PRO+ 5G 6.83"" 8GB/256GB NEGRO",366.99,329.0,100,37.99,PcBox,2026-04-15
"XIAOMI REDMI NOTE 15 PRO+ 5G 6.83"" 8GB/256GB NEGRO",366.99,329.0,100,37.99,PcBox,2026-04-15
"GOOGLE PIXEL PIXEL 10A 6.3"" 5G 8GB/128GB LAVANDA",585.99,549.0,100,36.99,PcBox,2026-04-15
"GOOGLE PIXEL PIXEL 10A 6.3"" 5G 8GB/128GB LAVANDA",585.99,549.0,100,36.99,PcBox,2026-04-15
"XIAOMI F8 PRO 6.59"" 5G 12GB/512GB PLATA, TITANIO",610.0,399.0,85,211.0,PcBox,2026-04-15
"XIAOMI F8 PRO 6.59"" 5G 12GB/512GB PLATA, TITANIO",610.0,399.0,85,211.0,PcBox,2026-04-15
"XIAOMI 15T 6.83"" 5G 12GB/256GB GRIS",509.99,489.0,100,20.99,PcBox,2026-04-15
"XIAOMI 15T 6.83"" 5G 12GB/256GB GRIS",509.99,489.0,100,20.99,PcBox,2026-04-15
"APPLE IPHONE 16 6.1"" 5G 128GB AZUL",887.68,589.0,86,298.68,PcBox,2026-04-15
"APPLE IPHONE 16 6.1"" 5G 128GB AZUL",887.68,589.0,86,298.68,PcBox,2026-04-15
"SAMSUNG GALAXY A57 5G 6.7"" 5G 8GB/256GB MARINA",542.99,259.0,90,283.99,PcBox,2026-04-15
"SAMSUNG GALAXY A57 5G 6.7"" 5G 8GB/256GB MARINA",542.99,259.0,90,283.99,PcBox,2026-04-15
"SAMSUNG GALAXY GALAXY A17 5G 6.7"" 5G 8GB/256GB AZUL",233.99,259.0,100,-25.01,PcComponentes,2026-04-15
"SAMSUNG GALAXY GALAXY A17 5G 6.7"" 5G 8GB/256GB AZUL",233.99,259.0,100,-25.01,PcComponentes,2026-04-15
"SAMSUNG GALAXY A17 6.7"" 4G 4GB/128GB AZUL CLARO",283.99,189.0,92,94.99,PcBox,2026-04-15
"SAMSUNG GALAXY A17 6.7"" 4G 4GB/128GB AZUL CLARO",283.99,189.0,92,94.99,PcBox,2026-04-15
"APPLE IPHONE 16 PLUS 6.7"" 5G 256GB NEGRO",1123.75,1039.0,91,84.75,PcBox,2026-04-15
"APPLE IPHONE 16 PLUS 6.7"" 5G 256GB NEGRO",1123.75,1039.0,91,84.75,PcBox,2026-04-15
"XIAOMI REDMI 15C 6.9"" 5G 4GB/128GB NEGRO",132.0,109.0,97,23.0,PcBox,2026-04-15
"XIAOMI REDMI 15C 6.9"" 5G 4GB/128GB NEGRO",132.0,109.0,97,23.0,PcBox,2026-04-15
"XIAOMI 17 17 6.3"" 5G 12GB/512GB ROSA",1074.0,1099.0,92,-25.0,PcComponentes,2026-04-15
"XIAOMI 17 17 6.3"" 5G 12GB/512GB ROSA",1074.0,1099.0,92,-25.0,PcComponentes,2026-04-15
"XIAOMI REDMI REDMI NOTE 15 6.77"" 8GB/256GB VERDE",216.21,199.0,100,17.21,PcBox,2026-04-15
"XIAOMI REDMI REDMI NOTE 15 6.77"" 8GB/256GB VERDE",216.21,199.0,100,17.21,PcBox,2026-04-15
"XIAOMI REDMI REDMI NOTE 15 PRO 6.77"" 4G 8GB/256GB TITANIO",267.0,279.0,100,-12.0,PcComponentes,2026-04-15
"XIAOMI REDMI REDMI NOTE 15 PRO 6.77"" 4G 8GB/256GB TITANIO",267.0,279.0,100,-12.0,PcComponentes,2026-04-15
"SAMSUNG GALAXY GALAXY A36 5G 6.7"" 5G 8GB/256GB LAVANDA",320.99,299.0,100,21.99,PcBox,2026-04-15
"SAMSUNG GALAXY GALAXY A36 5G 6.7"" 5G 8GB/256GB LAVANDA",320.99,299.0,100,21.99,PcBox,2026-04-15
"GOOGLE PIXEL PIXEL 10A 6.3"" 5G 8GB/128GB NEGRO",585.99,399.0,96,186.99,PcBox,2026-04-15
"GOOGLE PIXEL PIXEL 10A 6.3"" 5G 8GB/128GB NEGRO",585.99,399.0,96,186.99,PcBox,2026-04-15
"XIAOMI 15T 6.83"" 12GB/256GB ORO ROSA",509.99,489.0,100,20.99,PcBox,2026-04-15
"XIAOMI 15T 6.83"" 12GB/256GB ORO ROSA",509.99,489.0,100,20.99,PcBox,2026-04-15
"APPLE IPHONE 17E 256GB BLANCO 6.1"" 5G 256GB BLANCO",762.46,939.0,94,-176.54,PcComponentes,2026-04-15
"APPLE IPHONE 17E 256GB BLANCO 6.1"" 5G 256GB BLANCO",762.46,959.0,94,-196.54,PcComponentes,2026-04-15
"SAMSUNG GALAXY A57 5G ENTERPRISE EDITION 6.7"" 5G 8GB/128GB GRIS",532.99,478.0,87,54.99,PcBox,2026-04-15
"SAMSUNG GALAXY A57 5G ENTERPRISE EDITION 6.7"" 5G 8GB/128GB GRIS",532.99,478.0,87,54.99,PcBox,2026-04-15
"MOTOROLA EDGE 50 6.67"" 5G 12GB/512GB VERDE",595.44,505.52,88,89.92,PcBox,2026-04-15
"MOTOROLA EDGE 50 6.67"" 5G 12GB/512GB VERDE",595.44,505.52,88,89.92,PcBox,2026-04-15
"GOOGLE PIXEL PIXEL 10A 6.3"" 5G 8GB/256GB VERDE",690.99,549.0,95,141.99,PcBox,2026-04-15
"GOOGLE PIXEL PIXEL 10A 6.3"" 5G 8GB/256GB VERDE",690.99,549.0,95,141.99,PcBox,2026-04-15
"MOTOROLA MOTO G05 MOTO G05 6.67"" 4G 4GB/256GB ROJO",148.96,113.12,89,35.84,PcBox,2026-04-15
"MOTOROLA MOTO G05 MOTO G05 6.67"" 4G 4GB/256GB ROJO",148.96,113.12,89,35.84,PcBox,2026-04-15
"XIAOMI F8 ULTRA 6.9"" 5G 16GB/512GB AZUL",830.99,1499.0,88,-668.01,PcComponentes,2026-04-15
"XIAOMI F8 ULTRA 6.9"" 5G 16GB/512GB AZUL",830.99,1499.0,88,-668.01,PcComponentes,2026-04-15
"XIAOMI REDMI A7 PRO 6.9"" 4G 4GB/64GB VERDE",113.99,109.0,100,4.99,PcBox,2026-04-15
"XIAOMI REDMI A7 PRO 6.9"" 4G 4GB/64GB VERDE",113.99,109.0,100,4.99,PcBox,2026-04-15
"XIAOMI POCO F7 ULTRA 6.67"" 5G 12GB/256GB NEGRO",590.0,489.0,89,101.0,PcBox,2026-04-15
"XIAOMI POCO F7 ULTRA 6.67"" 5G 12GB/256GB NEGRO",590.0,489.0,89,101.0,PcBox,2026-04-15
"XIAOMI REDMI A5 6.88"" 4G 3GB/64GB NEGRO",93.99,89.0,100,4.99,PcBox,2026-04-15
"XIAOMI REDMI A5 6.88"" 4G 3GB/64GB NEGRO",93.99,89.0,100,4.99,PcBox,2026-04-15
"XIAOMI REDMI 15C 6.9"" 4G 4GB/128GB AZUL",113.99,109.0,100,4.99,PcBox,2026-04-15
"XIAOMI REDMI 15C 6.9"" 4G 4GB/128GB AZUL",113.99,109.0,100,4.99,PcBox,2026-04-15
"APPLE IPHONE 16 PLUS 6.7"" 5G 256GB AZUL",1112.57,1039.0,91,73.57,PcBox,2026-04-15
"APPLE IPHONE 16 PLUS 6.7"" 5G 256GB AZUL",1112.57,1039.0,91,73.57,PcBox,2026-04-15
"NOTHING 3A LITE 6.77"" 5G 8GB/128GB BLANCO",241.0,199.99,100,41.01,PcBox,2026-04-15
"NOTHING 3A LITE 6.77"" 5G 8GB/128GB BLANCO",241.0,199.99,100,41.01,PcBox,2026-04-15
"APPLE IPHONE 14 PRO MAX 6.7"" 5G 256GB PLATA",1667.72,449.28,91,1218.44,PcBox,2026-04-15
"APPLE IPHONE 14 PRO MAX 6.7"" 5G 256GB PLATA",1667.72,449.28,91,1218.44,PcBox,2026-04-15
"XIAOMI REDMI 15 5G 6.9"" 5G 8GB/256GB NEGRO",194.99,179.0,100,15.99,PcBox,2026-04-15
"XIAOMI REDMI 15 5G 6.9"" 5G 8GB/256GB NEGRO",194.99,179.0,100,15.99,PcBox,2026-04-15
"XIAOMI REDMI 15 5G 6.9"" 5G 4GB/128GB NEGRO",157.99,159.0,100,-1.01,PcComponentes,2026-04-15
"XIAOMI REDMI 15 5G 6.9"" 5G 4GB/128GB NEGRO",157.99,159.0,100,-1.01,PcComponentes,2026-04-15
"REALME C71 6.67"" 4G 8GB/256GB BLANCO",149.99,116.5,100,33.49,PcBox,2026-04-15
"REALME C71 6.67"" 4G 8GB/256GB BLANCO",149.99,116.5,100,33.49,PcBox,2026-04-15
"SAMSUNG GALAXY GALAXY XCOVER7 PRO 6.6"" 5G 6GB/128GB NEGRO",579.0,259.94,98,319.06,PcBox,2026-04-15
"SAMSUNG GALAXY GALAXY XCOVER7 PRO 6.6"" 5G 6GB/128GB NEGRO",579.0,259.94,98,319.06,PcBox,2026-04-15
"XIAOMI REDMI 15 6.9"" 4G 6GB/128GB PÚRPURA",141.99,139.0,100,2.99,PcBox,2026-04-15
"XIAOMI REDMI 15 6.9"" 4G 6GB/128GB PÚRPURA",141.99,139.0,100,2.99,PcBox,2026-04-15
"MOTOROLA MOTO G86 POWER 5G MOTO G86 POWER 5G 6.67"" 5G 8GB/512GB ROSA",321.46,229.0,92,92.46,PcBox,2026-04-15
"MOTOROLA MOTO G86 POWER 5G MOTO G86 POWER 5G 6.67"" 5G 8GB/512GB ROSA",321.46,229.0,92,92.46,PcBox,2026-04-15
"GOOGLE PIXEL 10A 6.3"" 5G 8GB/128GB VERDE",585.99,549.0,100,36.99,PcBox,2026-04-15
"GOOGLE PIXEL 10A 6.3"" 5G 8GB/128GB VERDE",585.99,549.0,100,36.99,PcBox,2026-04-15
"NOTHING PHONE (3A) PRO 6.77"" 5G 12GB/256GB GRIS",458.0,379.0,100,79.0,PcBox,2026-04-15
"NOTHING PHONE (3A) PRO 6.77"" 5G 12GB/256GB GRIS",458.0,379.0,100,79.0,PcBox,2026-04-15
"REALME 14 PRO 5G 6.77"" 5G 8GB/256GB BLANCO",390.0,228.99,100,161.01,PcBox,2026-04-15
"REALME 14 PRO 5G 6.77"" 5G 8GB/256GB BLANCO",390.0,228.99,100,161.01,PcBox,2026-04-15
"APPLE IPHONE 16 PLUS 6.7"" 5G 256GB BLANCO",1123.75,939.0,94,184.75,PcBox,2026-04-15
"APPLE IPHONE 16 PLUS 6.7"" 5G 256GB BLANCO",1123.75,959.0,94,164.75,PcBox,2026-04-15
"XIAOMI F8 PRO 6.59"" 5G 12GB/512GB NEGRO",610.0,1099.0,92,-489.0,PcComponentes,2026-04-15
"XIAOMI F8 PRO 6.59"" 5G 12GB/512GB NEGRO",610.0,1099.0,92,-489.0,PcComponentes,2026-04-15
